{
  "priority": 100,
  "request": {
    "method": "POST",
    "url": "/api/pan-be-ams/booking",
    "bodyPatterns": [
      {
        "matchesJsonPath": "$[?(@.imputationOperation[0].externalMovementReference == 'TTTTTTTR406C0030')]"
      },
      {
        "matchesJsonPath": "$[?(@.imputationOperation[1].externalMovementReference == @.imputationOperation[0].externalMovementReference)]"
      }
    ]
  },
  "response": {
    "status": 406,
    "headers": {
      "Content-Type": "application/json"
    },
    "fixedDelayMilliseconds": 1,
    "jsonBody": {
      "requestId": "TTTTTTTR406C0030",
      "code": "AM04",
      "message": "InsufficientFunds",
      "severity": "High",
      "source": "System1",
      "target": "System2"
    }
  }
}
