{
  "priority": 100,
  "request": {
    "method": "POST",
    "url": "/api/pan-be-ams/booking",
    "bodyPatterns": [
      {
        "matchesJsonPath": "$[?(@.imputationOperation[0].externalMovementReference == 'TTTSM01RCTIMEOUTERR')]"
      },
      {
        "matchesJsonPath": "$[?(@.imputationOperation[1].externalMovementReference == @.imputationOperation[0].externalMovementReference)]"
      }
    ]
  },
  "response": {
    "status": 404,
    "headers": {
      "Content-Type": "application/json"
    },
    "fixedDelayMilliseconds": 300000,
    "jsonBody": {
      "requestId": "TTTSM01RCTIMEOUTERR",
      "code": "0001",
      "message": "No Message",
      "severity": "high",
      "source": "PolarisToolingApplication",
      "target": "system2"
    }
  }
}
