{
  "priority": 100,
  "request": {
    "method": "POST",
    "url": "/api/pan-be-ams/booking",
    "bodyPatterns": [
      {
        "matchesJsonPath": "$[?(@.imputationOperation[0].externalMovementReference == 'TTTTTTTR400C00E18')]"
      },
      {
        "matchesJsonPath": "$[?(@.imputationOperation[1].externalMovementReference == @.imputationOperation[0].externalMovementReference)]"
      }
    ]
  },
  "response": {
    "status": 400,
    "headers": {
      "Content-Type": "application/json"
    },
    "fixedDelayMilliseconds": 150,
    "jsonBody": {
      "requestID": "TTTTTTTR400C00E18",
      "code": "SM01",
      "message": "BlankdbIBAN",
      "severity": "critical",
      "source": "LOCAL",
      "target": "BORIMP"
    }
  }
}
