{
  "priority": 100,
  "request": {
    "method": "POST",
    "url": "/api/pan-be-ams/booking",
    "bodyPatterns": [
      {
        "matchesJsonPath": "$[?(@.imputationOperation[0].externalMovementReference == 'IIIIIIIR404C0001')]"
      },
      {
        "matchesJsonPath": "$[?(@.imputationOperation[1].externalMovementReference == @.imputationOperation[0].externalMovementReference)]"
      }
    ]
  },
  "response": {
    "status": 200,
    "headers": {
      "Content-Type": "application/json"
    },
    "fixedDelayMilliseconds": 150,
    "jsonBody": {
      "PANAccountingDate": "20190525",
      "levelSigner": "0",
      "levelVerifier": "1",
      "closerAnticipationFlag": "false",
      "imputationOperationOut": [
      ]
    }
  }
}
