{
  "priority": 100,
  "request": {
    "method": "POST",
    "url": "/api/pan-be-ams/booking",
    "bodyPatterns": [
      {
        "matchesJsonPath": "$[?(@.imputationOperation[0].externalMovementReference == 'TTTTTTTRCTIMEOUT')]"
      },
      {
        "matchesJsonPath": "$[?(@.imputationOperation[1].externalMovementReference == @.imputationOperation[0].externalMovementReference)]"
      }
    ]
  },
  "response": {
    "status": 200,
    "headers": {
      "Content-Type": "application/json",
      "X-ING-RCID": "27e94bb6-f642-11e9-802a-5aa538984bd8"
    },
    "fixedDelayMilliseconds": 99999999,
    "jsonBody": {
      "requestId": "TTTTTTTRCTIMEOUT",
      "code": "200",
      "message": "No Message",
      "severity": "high",
      "source": "PolarisToolingApplication",
      "target": "system2"
    }
  }
}
