{
    "priority": 100,
    "request": {
        "method": "POST",
        "url": "/api/pan-inquiry/resilience",
        "bodyPatterns": [
            { "matchesJsonPath": "$[?(@.externalMovementReference == 'IIIIIIIR400C0016')]" }
        ]

    },

    "response": {
        "status": 400,
        "headers": {
            "Content-Type": "application/json"
        },
        "jsonBody": {
            "requestID": "IIIIIIIR400C0016",
            "code": "AC09",
            "message": "InvalidAccountCurrency",
            "severity": "critical",
            "source": "LOCAL",
            "target": "BORIMP"
        }
    }
}
