{
    "priority": 100,
    "request": {
        "method": "POST",
        "url": "/api/pan-inquiry/resilience",
        "bodyPatterns": [
            { "matchesJsonPath": "$[?(@.externalMovementReference == 'IIIIIIIR500C0000')]" }
        ]

    },

    "response": {
        "status": 500,
        "headers": {
            "Content-Type": "application/json"
        },
        "jsonBody": {
            "requestID": "IIIIIIIR500C0000",
            "code": "BANK",
            "message": "Internal Server Error",
            "severity": "critical",
            "source": "LOCAL",
            "target": "BORIMP"
        }
    }
}
