{
    "priority": 100,
    "request": {
        "method": "POST",
        "url": "/api/pan-inquiry/resilience",
        "bodyPatterns": [
            { "matchesJsonPath": "$[?(@.externalMovementReference == 'IIIIIIIR406C0098')]" }
        ]

    },

    "response": {
        "status": 406,
        "headers": {
            "Content-Type": "application/json"
        },
        "jsonBody": {
            "requestID": "IIIIIIIR406C0098",
            "code": "AC01",
            "message": "IncorrectAccountNumber",
            "severity": "critical",
            "source": "LOCAL",
            "target": "BORIMP"
        }
    }
}
