{
    "priority": 100,
    "request": {
        "method": "POST",
        "url": "/api/pan-inquiry/resilience",
        "bodyPatterns": [
            { "matchesJsonPath": "$[?(@.externalMovementReference == 'IIIIIIIR406C0100')]" }
        ]

    },

    "response": {
        "status": 406,
        "headers": {
            "Content-Type": "application/json"
        },
        "jsonBody": {
            "requestID": "IIIIIIIR406C0100",
            "code": "AB02",
            "message": "AbortedClearingFatalError",
            "severity": "critical",
            "source": "LOCAL",
            "target": "BORIMP"
        }
    }
}
