{
    "priority": 100,
    "request": {
        "method": "POST",
        "url": "/api/pan-inquiry/resilience",
        "bodyPatterns": [
            { "matchesJsonPath": "$[?(@.externalMovementReference == 'TTTTTTTR500C0100')]" }
        ]

    },

    "response": {
        "status": 200,
        "headers": {
            "Content-Type": "application/json"
        },
        "jsonBody": {
            "accountFormatTarget": "2",
            "targetBaseContractNumber": "TTTTTTTR500C0100",
            "targetAccountCurrency": "EUR",
            "imputationDateMovement": "20191105",
            "timestampImputationMovement": "235959595959",
            "sequenceNumberMovement": "0"

        }
    }
}
