{
    "priority": 100,
    "request": {
        "method": "POST",
        "url": "/api/pan-inquiry/resilience",
        "headers": {
            "X-ING-SOURCE": {
                "equalTo": ""
            }
        }

    },

    "response": {
        "status": 400,
        "headers": {
            "Content-Type": "application/json"
        },
        "fixedDelayMilliseconds": 0,
        "jsonBody": {
            "requestId": "",
            "code": "BANK02",
            "message": "BAD REQUEST",
            "severity": "High",
            "source": "System1",
            "target": "System2"
        }
    }
}
