{
    "priority": 100,
    "request": {
        "method": "POST",
        "url": "/api/pan-inquiry/resilience",
        "bodyPatterns": [
            { "matchesJsonPath": "$[?(@.externalMovementReference == 'IIIIIIIR400C0010')]" }
        ]

    },

    "response": {
        "status": 400,
        "headers": {
            "Content-Type": "application/json"
        },
        "jsonBody": {
            "requestID": "IIIIIIIR400C0010",
            "code": "AM20",
            "message": "InvalidPaymentInfoNumberOfTransactions",
            "severity": "critical",
            "source": "LOCAL",
            "target": "BORIMP"
        }
    }
}
