{
    "priority": 100,
    "request": {
        "method": "POST",
        "url": "/api/pan-inquiry/resilience",
        "bodyPatterns": [
            { "matchesJsonPath": "$[?(@.externalMovementReference == 'IIIIIIIR401C0586')]" }
        ]

    },

    "response": {
        "status": 401,
        "headers": {
            "Content-Type": "application/json"
        },
        "jsonBody": {
            "requestID": "IIIIIIIR401C0586",
            "code": "AG08",
            "message": "InvalidAccessRights",
            "severity": "critical",
            "source": "LOCAL",
            "target": "BORIMP"
        }
    }
}
