{
    "priority": 100,
    "request": {
        "method": "POST",
        "url": "/api/pan-inquiry/resilience",
        "bodyPatterns": [
            { "matchesJsonPath": "$[?(@.externalMovementReference == 'TTTSM01RCTIMEOUTERR')]" }
        ]

    },

    "response": {
        "status": 404,
        "headers": {
            "Content-Type": "application/json",
            "X-ING-RCID": "27e94bb6-f642-11e9-802a-5aa538984bd8"
        },
        "fixedDelayMilliseconds": 9999999,
        "jsonBody": {
            "requestId": "TTTSM01RCTIMEOUTERR",
            "code": "0001",
            "message": "No Message",
            "severity": "high",
            "source": "PolarisToolingApplication",
            "target": "system2"
        }
    }
}
